abolitionists==abolitionists
administrations==administrations
alabasters==alabasters
allemandes==allemandes
allophones==allophones
altiplanos==altiplanos
amphictyons==amphictyons
ampicillins==ampicillins
anchorages==anchorages
andromedas==andromedas
angosturas==angosturas
annunciations==annunciations
aphrodites==aphrodites
apocalypses==apocalypses
archangels==archangels
archfiends==archfiends
argillites==argillites
artemisias==artemisias
auslanders==auslanders
azotobacters==azotobacters
bacchanalias==bacchanalias
balbriggans==balbriggans
balthasars==balthasars
bannisters==bannisters
basidiomycetes==basidiomycetes
bearnaises==bearnaises
becquerels==becquerels
beefeaters==beefeaters
belshazzars==belshazzars
belvederes==belvederes
benedicites==benedicites
benedictions==benedictions
berserkers==berserkers
blackwaters==blackwaters
blackwoods==blackwoods
blockbusters==blockbusters
bougainvilleas==bougainvilleas
braggadocios==braggadocios
brownfields==brownfields
brownstones==brownstones
brummagems==brummagems
calandrias==calandrias
campanulas==campanulas
canebrakes==canebrakes
canterburys==canterburys
cantonments==cantonments
carbonados==carbonados
carnations==carnations
carpaccios==carpaccios
carpentarias==carpentarias
carpenters==carpenters
cartwrights==cartwrights
casuarinas==casuarinas
caterpillars==caterpillars
celestines==celestines
celluloids==celluloids
challengers==challengers
chamaeleons==chamaeleons
chamberlains==chamberlains
champaigns==champaigns
charlottes==charlottes
chartreuses==chartreuses
chassepots==chassepots
chateaubriands==chateaubriands
chevaliers==chevaliers
chinoiseries==chinoiseries
chittagongs==chittagongs
chlorellas==chlorellas
chronicles==chronicles
circumcisions==circumcisions
clementines==clementines
coalfields==coalfields
colosseums==colosseums
columbines==columbines
commanders==commanders
commodores==commodores
communisms==communisms
communists==communists
companions==companions
confederates==confederates
conferences==conferences
confluences==confluences
conformists==conformists
congregationalists==congregationalists
consecrations==consecrations
constables==constables
consulates==consulates
continents==continents
copperheads==copperheads
cordilleras==cordilleras
cornhuskers==cornhuskers
corregidors==corregidors
cosmotrons==cosmotrons
counselors==counselors
crossroads==crossroads
cryptomerias==cryptomerias
daltonisms==daltonisms
dannebrogs==dannebrogs
davenports==davenports
debridements==debridements
delftwares==delftwares
departments==departments
disestablishmentarians==disestablishmentarians
donnybrooks==donnybrooks
dreamtimes==dreamtimes
driftwoods==driftwoods
dryasdusts==dryasdusts
dullsvilles==dullsvilles
duralumins==duralumins
eglantines==eglantines
encampments==encampments
encyclopedists==encyclopedists
enterprises==enterprises
esperances==esperances
euhemerisms==euhemerisms
evangelicalisms==evangelicalisms
everglades==everglades
excellences==excellences
federalists==federalists
fiberglass==fiberglass
firebricks==firebricks
firestones==firestones
fleurettes==fleurettes
fontanelles==fontanelles
francophones==francophones
frankfurters==frankfurters
frankfurts==frankfurts
fraxinellas==fraxinellas
friendships==friendships
fundamentalisms==fundamentalisms
garibaldis==garibaldis
gasconaders==gasconaders
gasconades==gasconades
gauleiters==gauleiters
gegenscheins==gegenscheins
gelsemiums==gelsemiums
gemeinschafts==gemeinschafts
gemutlichkeit==gemutlichkeit
gemutlichkeits==gemutlichkeits
gesellschafts==gesellschafts
gewurztraminer==gewurztraminer
godfathers==godfathers
goldfields==goldfields
goldsmiths==goldsmiths
golliwoggs==golliwoggs
gotterdammerung==gotterdammerung
governments==governments
grainfields==grainfields
grangerisms==grangerisms
greenbacks==greenbacks
greenbriers==greenbriers
greenwoods==greenwoods
grenadines==grenadines
gymnasiums==gymnasiums
haggadists==haggadists
hamadryads==hamadryads
haphtarahs==haphtarahs
harlequins==harlequins
harmattans==harmattans
hartshorns==hartshorns
heliochromes==heliochromes
hiddenites==hiddenites
hispanisms==hispanisms
horologiums==horologiums
houstonias==houstonias
iguanodons==iguanodons
illuminisms==illuminisms
impressionisms==impressionisms
impressionists==impressionists
incarnations==incarnations
independences==independences
indulgences==indulgences
infralapsarianisms==infralapsarianisms
intelligences==intelligences
intercourses==intercourses
interlinguas==interlinguas
internationalisms==internationalisms
internationalists==internationalists
intervales==intervales
invocations==invocations
jessamines==jessamines
kalanchoes==kalanchoes
kapellmeisters==kapellmeisters
kitcheners==kitcheners
kriegspiels==kriegspiels
kundalinis==kundalinis
labyrinths==labyrinths
lamentations==lamentations
laminarias==laminarias
leatherwoods==leatherwoods
legionnaires==legionnaires
legitimisms==legitimisms
legitimists==legitimists
lepidosirens==lepidosirens
leviathans==leviathans
liberalisms==liberalisms
libertarians==libertarians
lieutenants==lieutenants
lifesavers==lifesavers
liquidambars==liquidambars
lycopodiums==lycopodiums
madeleines==madeleines
mademoiselles==mademoiselles
maelstroms==maelstroms
magdalenes==magdalenes
mannerisms==mannerisms
manzanillas==manzanillas
maraschinos==maraschinos
margaritas==margaritas
marguerites==marguerites
maximalists==maximalists
mayflowers==mayflowers
milquetoasts==milquetoasts
minimalists==minimalists
minitracks==minitracks
mirabelles==mirabelles
mithridates==mithridates
modernisms==modernisms
monseigneurs==monseigneurs
montgolfiers==montgolfiers
motherlands==motherlands
muscadines==muscadines
nationalists==nationalists
nazifications==nazifications
negritudes==negritudes
neofascisms==neofascisms
neoplasticisms==neoplasticisms
newmarkets==newmarkets
nickelodeons==nickelodeons
nightingales==nightingales
northeasterners==northeasterners
northwesterners==northwesterners
omniscients==omniscients
oppositions==oppositions
pacifications==pacifications
paloverdes==paloverdes
panhandles==panhandles
pantaloons==pantaloons
paracletes==paracletes
paramounts==paramounts
parramattas==parramattas
partridges==partridges
patriarchs==patriarchs
pellagrins==pellagrins
penicilliums==penicilliums
peregrines==peregrines
peripateticisms==peripateticisms
permalloys==permalloys
petershams==petershams
petronellas==petronellas
philanders==philanders
philomaths==philomaths
physiocrats==physiocrats
picturephones==picturephones
pipestones==pipestones
plasticenes==plasticenes
podophyllums==podophyllums
pompadours==pompadours
ponderosas==ponderosas
pontianaks==pontianaks
pontificates==pontificates
postimpressionisms==postimpressionisms
potentillas==potentillas
pralltrillers==pralltrillers
presentations==presentations
presidents==presidents
presidiums==presidiums
principals==principals
privatdocents==privatdocents
prohibitionists==prohibitionists
protections==protections
protectorates==protectorates
prudentials==prudentials
pyramidons==pyramidons
quixotisms==quixotisms
rafflesias==rafflesias
rainwaters==rainwaters
rauwolfias==rauwolfias
reconstructions==reconstructions
reichsmarks==reichsmarks
representatives==representatives
republicanisms==republicanisms
restorations==restorations
reticulums==reticulums
rhodamines==rhodamines
riverheads==riverheads
riversides==riversides
romanticisms==romanticisms
rosemaries==rosemaries
roughriders==roughriders
rutherfords==rutherfords
sacraments==sacraments
sanguinarias==sanguinarias
saskatoons==saskatoons
schillings==schillings
schizomycetes==schizomycetes
schnauzers==schnauzers
scholasticisms==scholasticisms
scolopendras==scolopendras
secessionists==secessionists
secretariats==secretariats
seraphines==seraphines
severances==severances
sheepshanks==sheepshanks
shoemakers==shoemakers
singletons==singletons
singspiels==singspiels
skepticisms==skepticisms
socialisms==socialisms
socialists==socialists
solenodons==solenodons
southlands==southlands
speculators==speculators
speedwritings==speedwritings
spiritualisms==spiritualisms
spiritualists==spiritualists
spirographs==spirographs
spirogyras==spirogyras
sprechgesangs==sprechgesangs
springhouses==springhouses
springwaters==springwaters
statehoods==statehoods
stenographs==stenographs
superfunds==superfunds
superglues==superglues
supralapsarianisms==supralapsarianisms
supralapsarians==supralapsarians
sweetbriars==sweetbriars
sweethearts==sweethearts
switchbacks==switchbacks
symbolisms==symbolisms
symbolists==symbolists
tabernacles==tabernacles
tattersalls==tattersalls
tellurides==tellurides
tenderfoots==tenderfoots
tenderloins==tenderloins
tenebrisms==tenebrisms
tetragrammatons==tetragrammatons
thanksgivings==thanksgivings
theosophists==theosophists
traducianisms==traducianisms
traducianists==traducianists
transcendentalisms==transcendentalisms
transcendentalists==transcendentalists
tweedledees==tweedledees
tweedledums==tweedledums
uitlanders==uitlanders
ultramontanisms==ultramontanisms
undergrounds==undergrounds
underwoods==underwoods
universalists==universalists
utopianisms==utopianisms
vermillions==vermillions
victorines==victorines
volunteers==volunteers
wainwrights==wainwrights
watersmeets==watersmeets
westerners==westerners
westernisms==westernisms
westernizations==westernizations
wheelwrights==wheelwrights
whetstones==whetstones
whirlpools==whirlpools
whiteheads==whiteheads
whitethorns==whitethorns
whitewoods==whitewoods
wienerwursts==wienerwursts
windcheaters==windcheaters
wolverines==wolverines
woodhouses==woodhouses
Duplicates:_371
Filtered_Words:_345803
